MODEL	GC	x	score
general	1.016	54	1.344
dominant	0.53	83	1.08333333333333
additive	0.267	83	0.820333333333333
