"Y","G","PC","A","D","Gral","Total","YxG","Error"
0.020781796110975,NA,NA,NA,NA,NA,NA,NA,0.0252953058598679
0.0160025520286898,0.0180870863655593,NA,NA,NA,NA,0.0180870863655593,NA,0.0114353348526609
0.0266818895750765,0.0308335034389862,NA,NA,NA,NA,0.0308335034389862,0.0179230117387754,0.00624043972666517
0.023574080700016,0.0292306000495127,0.0226736615929087,NA,NA,NA,0.0298530558943309,0.0189865608662673,0.00599573842448579
0.0264461926995946,NA,0.0748566285756698,0.0444719885139666,NA,NA,0.0266919399480613,0.019975465703985,0.00593346063522298
0.026891801446192,NA,0.0504428466044105,0.0424831679283794,0.0291019037632314,NA,0.0283769963245227,0.0196128615540476,0.00596722723794433
0.0253698100492138,NA,0.0398492393406902,NA,NA,0.029981849274401,0.0285062718377713,0.0177401790739621,0.0059986270455288
