"Y","G","PC","A","D","Gral","Total","YxG","Error"
0.265172650577039,NA,NA,NA,NA,NA,NA,NA,0.737633538166667
0.25533763064725,0.433027871054971,NA,NA,NA,NA,0.433027871054971,NA,0.304379080666667
0.249877559403646,0.339807374590868,NA,NA,NA,NA,0.339807374590868,0.249983806855134,0.144348064
0.241993131573276,0.267303169706847,0.0959115476155266,NA,NA,NA,0.351485523655406,0.247720085445123,0.144328631666667
0.239672047437929,NA,0.163777828561444,0.280405447148946,NA,NA,0.317557292857278,0.281493737905568,0.1435169565
0.247401938622481,NA,0.123639607332481,0.139777190806274,0.163390643922116,NA,0.336352696123214,0.265124460169377,0.144311454166667
0.246500765174991,NA,0.105610673446731,NA,NA,0.264830044206765,0.338123651447112,0.254838905996784,0.144137806
