MODEL	GC	x	score
general	0.905	56	1.27833333333333
dominant	0.111	85	0.677666666666667
additive	0.092	85	0.658666666666667
